Consensus,Position,Change
L,62,F
A,77,V
M,81,L
P,164,S
R,169,Q
R,169,Q
R,176,Q
V,186,M
E,189,D
I,217,V
H,240,R
E,243,K
F,329,L
R,332,W
G,357,S
V,377,M
D,400,H
R,407,I
R,407,S
R,414,C
R,414,L
T,415,R
I,419,F
R,420,W
R,420,Q
R,420,Q
L,433,P
P,466,A
V,507,I
A,549,V
S,616,L
R,739,H
R,1013,Q
R,1051,P
T,1107,M
A,1136,V
N,1551,S
Q,1581,P
E,1724,K
E,1837,K
G,1885,E
G,1886,S
E,2045,G
V,2113,M
G,2145,R
Y,2156,C
H,2168,Q
E,2183,V
M,2192,L
D,2216,V
G,2228,V
S,2246,L
S,2246,L
A,2254,V
R,2267,H
E,2296,Q
V,2306,I
F,2307,L
E,2311,D
V,2321,M
P,2328,S
F,2331,S
R,2359,Q
N,2386,I
A,2387,T
A,2387,P
A,2387,V
M,2389,L
Y,2392,C
A,2394,G
G,2400,T
R,2401,H
R,2401,L
A,2403,T
R,2420,W
P,2474,S
R,2474,G
V,2475,F
L,2487,I
T,2504,M
T,2510,A
L,2534,V
G,2628,E
A,2673,V
Q,2958,R
N,3308,S
R,3570,W
D,3638,A
L,3778,F
C,3800,F
Q,3861,H
D,3876,E
L,3879,P
Q,3925,E
S,3938,R
G,3946,S
G,3946,A
G,3946,S
S,3959,L
M,3972,I
D,3973,H
L,3974,Q
K,3997,E
V,4010,M
F,4020,L
E,4076,K
N,4097,S
N,4104,I
N,4104,K
L,4105,F
L,4105,F
H,4108,N
H,4108,Q
S,4124,G
S,4124,T
S,4124,R
R,4144,C
E,4146,K
Y,4149,†
R,4157,Q
T,4158,P
Q,4159,P
N,4178,S
N,4178,S
E,4187,Q
T,4196,A
Q,4201,R
A,4282,V
R,4307,C
G,4315,E
E,4431,K
R,4497,C
F,4499,C
M,4504,I
A,4510,T
F,4511,L
H,4552,R
A,4556,T
S,4565,R
I,4587,V
A,4607,P
E,4611,K
W,4645,R
K,4650,E
V,4653,F
G,4662,S
G,4671,R
Y,4725,C
N,4736,l
K,4751,Q
H,4762,P
V,4771,I
V,4771,I
R,4790,Q
K,4805,R
R,4822,H
I,4848,V
F,4851,C
A,4860,G
L,4865,V
I,4867,M
V,4880,A
N,4895,D
P,4902,L
P,4902,S
L,4919,S
G,4935,R
S,4938,F
E,4950,K
R,4959,Q
