Position,Consensus,A,G,I,L,V,M,F,W,P,C,S,T,Y,N,Q,H,K,R,D,E
1,M,-1,-3,1,2,1,6,0,-1,-3,-1,-2,-1,-1,-2,0,-2,-1,-1,-3,-2
2,A,4,0,-1,-2,0,-1,-2,-3,-1,0,1,0,-2,-2,-1,-2,-1,-1,-2,-1
3,A,4,0,-1,-2,0,-1,-2,-3,-1,0,1,0,-2,-2,-1,-2,-1,-1,-2,-1
4,A,4,0,-1,-2,0,-1,-2,-3,-1,0,1,0,-2,-2,-1,-2,-1,-1,-2,-1
5,S,0,-1,-3,-3,-2,-2,-3,-3,-1,-2,3,1,-2,0,1,-1,0,0,1,3
6,S,3,0,-2,-2,-1,-1,-2,-3,-1,-1,3,1,-2,0,0,-1,0,-1,-1,0
7,P,-1,-2,-3,-3,-2,-3,-4,-4,8,-3,-1,-1,-3,-2,-1,-2,-1,-2,-2,-1
8,P,-1,-2,-3,-3,-2,-3,-4,-4,8,-3,-1,-1,-3,-2,-1,-2,-1,-2,-2,-1
9,R,-1,-2,-3,-2,-3,-1,-3,-3,-2,-4,-1,-1,-2,0,1,0,2,6,-2,0
10,A,3,0,-1,-1,0,-1,-1,-1,0,0,1,0,-1,-1,0,-1,0,-1,-1,0
11,E,0,-1,-2,-1,-1,-1,-2,-1,0,-2,0,0,-1,0,1,0,1,0,1,4
12,R,-1,-1,-2,-1,-1,-1,-1,-1,-1,-2,0,-1,-1,0,1,0,1,4,-1,0
13,K,0,-1,-1,-1,-1,-1,-2,-1,0,-2,0,0,-1,0,1,0,3,1,0,1
14,R,-1,-2,-3,-2,-3,-1,-3,-3,-2,-4,-1,-1,-2,0,1,0,2,6,-2,0
15,W,-2,-3,0,2,-1,1,1,9,-3,-2,-3,-2,1,-4,-2,-3,-3,-3,-4,-3
16,G,0,6,-4,-4,-3,-3,-3,-3,-2,-3,0,-2,-3,0,-2,-2,-2,-2,-1,-2
17,W,-2,-3,0,2,-1,1,1,9,-3,-2,-3,-2,1,-4,-2,-3,-3,-3,-4,-3
18,G,0,6,-4,-4,-3,-3,-3,-3,-2,-3,0,-2,-3,0,-2,-2,-2,-2,-1,-2
19,R,-2,-3,-3,-3,-3,-2,-3,-3,3,-4,-1,-1,-2,-1,1,-1,2,6,-2,0
20,L,-1,-3,-1,2,-1,0,-2,-3,4,-2,0,-1,-2,-2,-1,-2,0,3,-2,-1
21,P,0,-2,-3,-3,-3,-2,-3,-3,5,-3,-1,-2,0,-1,-1,6,-1,-2,-2,-1
22,G,0,6,-4,-4,-4,-3,-4,-3,-3,-3,-1,-2,-3,-1,0,-2,-2,-2,-2,-2
23,A,2,-1,-2,-3,-2,-2,-3,-3,-1,-2,0,1,-2,0,0,-1,0,-1,4,3
24,R,0,1,-3,-2,-2,-2,-1,-1,-2,-3,-1,-1,3,-1,0,0,1,5,-2,-1
25,R,-1,-3,-1,-1,1,-1,-3,-3,2,-3,-1,1,-2,-1,2,-1,1,4,-2,-1
26,G,-1,2,-2,-2,-2,1,-3,-3,-2,-3,1,-1,-2,3,2,1,0,1,0,0
27,S,2,1,-3,-3,-2,-2,-3,-3,-1,-2,4,0,-2,0,0,-1,-1,-1,-1,1
28,A,2,1,-1,0,-1,-1,-2,-2,-1,-1,1,1,-2,0,0,-1,-1,-1,-1,1
29,G,-1,2,-3,-1,-2,-2,-3,-3,-2,-3,1,0,-2,4,-1,-1,1,-1,2,0
30,L,0,-3,1,2,1,0,0,-1,1,-2,-1,0,2,-2,2,-1,-1,-1,-2,-1
31,A,3,-1,-1,0,-1,-1,-2,-3,-2,-1,2,0,-2,-1,-1,-2,-1,1,-1,0
32,K,0,-1,-2,-1,-2,-1,-2,-2,-1,-2,1,0,-2,-1,2,-1,2,3,-1,1
33,K,1,2,1,-1,0,-1,-2,-2,-1,-1,0,2,-2,-1,-1,-2,1,-1,-2,-1
34,C,2,-1,-2,-2,-1,-1,-3,-3,3,4,2,2,-2,-1,-1,-2,-1,-2,-1,0
35,P,0,-2,-1,-2,0,0,-3,-3,4,-3,-1,-1,-1,-1,-1,3,0,3,-2,-1
36,F,0,2,-1,0,-1,-1,1,-2,-2,-2,1,2,-1,-1,1,-2,-1,0,-2,-1
37,S,0,-1,-2,-1,-2,-2,-3,-3,3,-2,3,0,-2,0,-1,-2,0,-1,1,0
38,L,-1,0,-1,1,-1,0,-1,-2,0,-2,-1,-1,-1,-1,0,2,0,3,-1,1
39,E,0,-2,-1,0,-1,2,-2,-2,-1,-2,2,0,-2,-1,0,-1,0,0,0,3
40,L,-1,-2,1,3,1,1,0,-2,-2,-1,-1,0,-1,-2,-1,-2,-1,0,-2,-2
41,A,1,3,0,-1,-1,-1,-2,4,0,-2,0,-1,-1,-1,-1,-2,0,1,-2,-1
42,E,-1,-2,-1,-2,0,-2,-3,-3,-2,-3,-1,-1,-1,-1,1,3,1,2,0,4
43,G,-1,3,-3,-3,-3,-2,-1,-3,-2,-3,-1,-2,0,0,1,4,-1,-1,4,0
44,G,1,2,1,-1,-1,-1,-2,-3,4,-2,-1,-1,-2,-2,-1,-2,-1,-1,-2,0
45,P,0,-3,-2,-2,-3,-3,-4,-4,7,-3,0,0,-3,-2,-2,-3,-2,-3,-2,1
46,A,2,1,-2,-2,0,-1,-3,-3,0,-2,1,1,-2,-1,-1,-2,-1,-2,2,-1
47,G,-1,3,-3,-3,-3,-2,-4,-4,5,-3,0,0,-3,1,-1,-2,-1,-2,0,0
48,G,1,4,-3,-3,-3,-2,-3,-3,-2,-3,0,0,-2,-1,1,-1,-1,-2,1,3
49,A,3,0,-2,-2,0,-1,-3,-3,-2,-2,0,0,-2,-1,0,-2,2,-1,0,-1
50,L,1,3,-1,0,-1,1,-2,-3,1,-2,1,-1,-2,-1,-1,-2,0,-2,0,0
51,Y,0,-2,-2,0,-2,-1,1,-2,-2,-2,0,0,1,-1,1,5,-1,1,1,0
52,A,0,-2,0,-1,1,-1,-2,-3,3,-2,2,2,-2,-1,-1,0,-1,-1,-1,-1
53,P,-1,2,-2,-3,-2,-2,1,5,5,-3,0,0,-1,-2,-2,-2,-2,-1,-2,-1
54,I,-1,-3,1,1,1,0,-2,-3,-2,-3,-1,-1,-2,-2,3,-1,0,0,-1,3
55,A,2,-1,-2,-2,-2,-2,1,-3,3,-2,1,-1,-2,-1,-1,-2,-1,-1,3,0
56,P,1,-2,-2,-1,-2,-2,-3,0,6,3,0,-1,-3,-2,-2,-3,-2,-3,0,-1
57,G,0,3,-4,-4,-3,-3,-3,-3,0,-3,-1,-1,-2,1,0,4,-1,0,1,1
58,A,3,2,-2,-2,0,-2,-3,-3,2,-2,1,-1,-3,-1,0,-2,-1,-2,-1,-1
59,P,0,1,-3,-2,-2,-2,-4,-4,5,-3,0,-1,-3,0,-1,-2,0,2,-1,-1
60,G,0,5,-3,-2,-3,-2,-3,-3,-2,-3,0,-2,-3,-1,2,-2,0,-1,-2,-1
61,P,1,0,-2,-2,-2,0,-3,-3,4,-2,2,0,-2,0,-1,-2,-1,1,0,0
62,A,2,1,-2,-1,-1,-1,-3,-3,0,-2,1,0,-2,-1,0,-2,1,1,-2,-1
63,P,0,-2,-2,-1,-2,-2,-3,-3,5,-2,0,0,-2,-1,0,2,-1,1,0,-1
64,P,0,1,-2,-1,-2,0,-2,-3,3,-2,2,1,-2,0,1,0,-1,-1,-1,0
65,A,0,0,0,0,1,2,-2,-2,2,-2,0,0,-2,-1,-1,-2,-1,-2,1,1
66,S,0,0,-3,-2,-2,-2,-3,-4,-2,-2,4,1,-3,1,-1,-2,-1,-2,2,2
67,P,-1,-2,-1,0,-2,-1,-3,1,5,-1,1,1,-2,-2,-1,-2,-1,0,0,-1
68,A,1,2,-1,-1,0,-1,-2,-3,0,2,1,0,-2,-1,0,-2,0,0,-1,0
69,A,3,2,-2,-1,-2,-1,-3,-3,-2,2,2,-1,-3,-1,-1,-2,-1,-2,2,0
70,P,-1,1,-3,-3,-2,-3,-3,-3,6,1,1,-1,-3,-1,-1,-2,-1,1,0,-1
71,A,1,0,-2,-1,-1,0,-2,-3,0,-2,0,1,-2,0,0,-1,1,3,0,0
72,A,0,2,-2,-1,-2,-1,-2,-3,2,-2,-1,-1,-2,-1,0,-1,2,2,0,0
73,P,0,-1,-2,0,-2,-1,-2,-2,4,-3,-1,-1,0,-1,2,-1,1,2,-2,0
74,P,-1,0,0,-1,0,-2,0,-3,6,-3,0,0,-2,-2,-2,-2,-2,-2,0,-1
75,V,0,0,0,0,0,0,-2,-3,-2,-2,0,0,-1,-1,2,3,0,2,0,0
76,A,1,2,-2,-2,-1,-2,-2,-3,1,-2,1,0,0,-1,-1,-2,0,-1,2,0
77,S,-1,0,-2,-3,-2,-2,-2,4,-2,-3,1,1,-2,-1,3,-1,1,0,1,2
78,D,-2,-1,-3,-1,-3,-3,-4,-4,-2,-4,1,-2,-3,0,0,-1,-1,-1,5,3
79,L,0,-2,0,1,0,0,-1,-3,-2,-1,-1,0,-1,0,0,1,-1,0,1,1
80,G,0,2,-1,0,-1,-1,-2,-3,2,0,0,-1,-2,-1,0,-2,0,2,1,-1
81,P,0,1,-3,-3,-3,-2,-4,-4,2,-3,1,1,-3,-1,0,-2,1,0,0,3
82,R,-1,-1,-3,-2,-3,-2,-4,-3,-2,-4,0,-1,-3,-1,3,-1,2,2,3,3
83,P,1,2,-3,-1,-2,-2,-2,-3,3,-3,-1,0,-2,0,0,1,-1,0,1,0
84,P,0,-3,-1,1,-2,2,-3,-3,3,-2,1,-1,-3,-1,0,-2,-1,-2,1,3
85,V,-1,0,-1,-3,-1,-2,-2,-3,-2,-3,1,-1,-2,-1,2,-1,0,0,1,4
86,S,0,-1,-1,-1,-2,-1,-3,-3,1,-2,1,-1,-3,0,1,-1,0,1,3,2
87,L,-1,-2,-1,1,-1,-1,2,3,-1,-3,-1,0,3,-2,-1,-1,0,0,-2,2
88,D,1,1,-3,-3,-2,-1,-3,-3,-2,-3,1,0,-2,0,1,1,2,1,3,0
89,P,0,1,-3,-3,-3,-3,-4,-4,4,-3,0,0,-3,2,0,-2,3,0,0,1
90,R,-2,-3,-3,-3,-3,-2,-1,-3,-2,5,-1,0,0,-1,1,1,2,2,1,2
91,V,0,-1,-1,1,-1,-1,-2,-3,1,-3,-1,-1,0,-1,2,-1,0,0,0,3
92,S,1,4,-2,0,-2,-1,-3,-3,-2,-3,1,-1,-3,-1,-1,-2,-1,1,0,-1
93,I,1,0,-1,-1,-1,-2,0,-3,-2,-2,2,0,-1,1,1,-1,-1,-2,3,1
94,Y,-1,-1,0,-2,-2,-2,0,1,-2,-3,1,-1,1,-1,1,-1,3,1,0,0
95,S,-1,1,-3,-3,-3,-2,-3,-3,2,-3,1,0,-2,2,1,-1,2,1,0,1
96,T,-1,-1,-3,-3,-1,-2,-2,-3,4,0,0,0,-2,0,2,1,2,-1,0,0
97,R,-2,0,-3,-3,-2,-2,-3,-3,2,-3,-1,-1,-2,1,3,-1,1,3,0,1
98,R,0,-1,-3,-3,-3,-2,-2,-3,-2,-3,0,-1,-2,-1,4,-1,2,4,-1,1
99,P,-1,-1,-3,-3,-3,-3,-4,-4,4,4,-1,-1,-3,3,-1,-2,1,1,0,0
100,V,1,-1,2,0,2,0,-2,-3,1,-2,0,-1,-2,-1,-1,-2,0,-1,-2,-1
101,L,0,2,-1,0,-2,0,-1,-3,0,0,-1,-1,-2,-1,0,-2,0,2,-1,1
102,A,0,0,-3,-3,-3,-3,1,-2,5,-4,-2,-2,4,-2,-2,4,-1,0,-3,-2
103,R,1,0,-2,0,-2,-1,-2,3,-2,-1,1,0,1,-1,0,-1,1,3,-2,0
104,T,-1,0,-1,2,-1,0,-2,-3,-1,-2,0,1,-2,3,-1,-1,0,2,-1,-1
105,H,-1,2,-3,-3,-3,-1,-3,-3,-1,-3,0,-1,-2,1,0,1,3,3,0,0
106,V,1,-2,1,1,1,0,2,5,-3,2,-1,0,1,-2,-1,3,-2,-2,-3,-2
107,Q,-2,-3,-3,-1,-2,1,0,-3,-2,-4,-2,-2,-2,-2,5,0,0,4,-2,-1
108,G,-2,2,-4,-3,-3,-2,-4,-3,3,-4,-1,-1,-3,1,2,-2,1,3,-2,0
109,R,0,-3,-1,1,-1,1,1,3,-3,0,-1,-1,1,-2,1,-1,0,3,-3,-1
110,V,-2,-4,2,3,2,3,0,0,-3,-2,-3,-2,-2,-3,-2,-3,-2,1,-4,-3
111,Y,-3,-4,-3,-2,-3,-2,4,9,-4,-4,-3,-3,4,-4,-2,-2,-2,3,-4,-3
112,N,-1,-2,-2,-1,-1,-2,-1,-2,-2,-3,-1,0,2,2,-1,-1,-1,1,3,2
113,F,0,-3,2,1,1,1,1,-2,-2,-2,-1,0,-1,-2,-2,-2,1,-1,-3,-2
114,L,-2,-4,0,2,2,2,3,-2,2,1,-2,-1,-1,-3,-2,-3,-2,1,-4,-3
115,E,-2,-3,-3,-3,-3,-3,-4,-4,-2,1,0,2,-3,-1,0,-2,3,0,0,4
116,R,-2,-1,-4,-3,-3,-3,-2,-1,-3,-4,0,-2,1,4,0,2,2,4,1,1
117,P,-2,-3,-3,0,-3,1,-4,-4,6,2,-2,-2,-3,-3,3,-3,-1,-2,-3,-2
118,T,-1,-1,0,-1,-1,-1,0,-1,-2,-2,1,1,3,0,-1,3,-1,1,-1,0
119,G,-1,2,-3,-3,-2,-2,-1,-2,-2,-1,2,-1,-2,0,2,-1,-1,1,1,0
120,W,-1,-2,-1,0,-1,-1,0,5,-2,0,2,1,4,0,-1,-1,-1,0,-1,-1
121,K,2,-1,0,0,0,0,-2,-2,2,-2,0,0,-2,-1,-1,-2,1,1,-2,-1
122,C,3,0,0,0,1,-1,0,-2,-1,2,0,0,-2,-2,-2,-2,-1,-2,-1,-2
123,F,-1,-2,1,0,0,-1,1,5,-2,-2,-1,-1,0,-2,1,-2,1,2,-1,-1
124,V,0,-1,2,1,2,1,2,-1,-2,-2,0,-1,2,-2,-2,-1,-2,0,-2,-2
125,Y,-1,0,1,1,1,0,4,-1,-3,-2,-1,-1,3,-2,-2,0,-2,-2,-3,-2
126,H,3,-1,-1,-1,1,2,-1,-2,-2,-2,0,-1,3,-2,-2,3,-2,-2,-3,-1
127,F,0,-4,1,0,0,-1,6,-1,-4,2,-2,-2,3,-4,-3,-2,-4,-4,-4,-4
128,A,1,0,0,0,1,-1,0,-3,-2,-2,0,-1,-1,-1,-1,-2,-2,-2,2,1
129,V,-1,-3,2,1,1,1,-1,-2,-2,-2,2,1,2,-2,-2,-2,-2,-1,-3,-2
130,F,-1,0,1,1,2,1,3,-2,-3,-2,1,0,0,-1,-2,-2,-2,-2,-3,-3
131,L,-2,-4,3,2,2,3,2,-2,-3,0,-1,-1,-1,-4,-3,-3,-3,-3,-4,-3
132,I,-2,-1,1,2,1,5,5,-1,-4,-3,-3,-1,0,-3,-3,-3,-3,-3,-4,-4
133,V,0,-4,4,0,4,1,2,-3,-3,-2,-3,-1,-2,-4,-3,-4,-3,-4,-4,-4
134,L,0,-3,1,4,1,1,1,-2,-3,-2,-2,-1,-2,-4,-3,-3,-3,-3,-4,-3
135,V,-1,0,4,1,3,0,-1,-3,-3,-2,-1,-1,-2,-3,-3,-4,-3,-3,-3,-3
136,C,-1,-2,0,0,-2,1,-3,-4,-3,7,4,0,-3,0,-2,-3,-2,-3,-2,-2
137,L,-1,-4,3,3,2,1,-1,-2,-2,-2,-2,1,1,-3,-3,-3,-3,-3,-4,-3
138,I,-1,-3,3,0,2,3,0,-3,-3,-2,0,1,-2,2,-2,-2,-2,-2,-2,-2
139,F,1,-2,2,1,2,0,0,-3,-3,-2,0,3,-2,-1,-2,-3,-2,-3,-3,-2
140,S,0,-2,1,2,0,2,2,-2,-3,-2,1,1,-1,0,-2,-2,-2,-2,0,-2
141,V,0,-3,1,0,2,5,-2,-3,-3,7,0,-2,-3,-3,-3,-4,-3,-3,-4,-3
142,L,-1,0,0,4,1,4,1,-3,-3,-2,-1,-2,-2,-3,-3,-3,-3,-3,-4,-3
143,S,1,-1,0,0,1,1,-2,-3,-2,-2,1,0,-2,1,-1,0,-1,-2,-1,2
144,T,-1,0,-1,-3,-2,-2,-4,-4,0,-3,1,4,-3,-1,2,-2,-1,-2,-1,2
145,I,-2,-3,2,2,1,1,2,-2,-3,-2,-1,1,0,-2,-2,4,-2,-2,-3,-2
146,E,0,-3,-2,-3,-1,-2,-1,-2,4,-3,-1,-2,3,-2,-1,0,0,-2,1,2
147,Q,-1,0,-2,-3,-1,-2,-3,-3,-2,1,0,-1,1,1,1,-1,-1,-2,3,4
148,Y,-2,-2,-2,0,0,0,2,2,-3,2,-2,-2,3,-2,4,3,-1,-1,-3,-1
149,A,0,-1,-3,-3,-2,-2,-2,-3,1,1,2,1,1,-1,2,-1,-1,0,-1,2
150,A,0,-2,0,-2,-1,-1,-3,1,-1,2,0,0,-2,1,1,2,1,0,0,1
151,L,0,-3,-1,1,-1,1,0,-2,1,-2,0,-1,0,-2,0,0,-1,1,-1,2
152,A,0,-1,-1,0,0,2,3,-1,-3,-2,0,0,2,-1,-1,-1,0,1,1,-1
153,T,0,-1,-2,-2,-2,-2,-3,-3,-1,1,0,2,-3,1,1,-1,1,0,1,2
154,G,-1,0,1,-1,-1,-2,-2,3,2,-3,0,-1,0,1,0,-1,-1,-1,3,0
155,T,2,-2,1,-1,0,-1,1,2,1,1,0,0,1,-2,1,-2,-1,-1,-2,-1
156,L,-2,-4,0,4,0,4,3,-2,-4,-2,-2,0,-1,-4,-3,-3,-3,-3,-4,-4
157,F,-1,-2,-1,0,-2,1,4,-1,-3,-3,-1,0,2,0,-1,-1,-2,-1,1,1
158,W,-1,-3,3,0,1,2,-1,3,-3,1,-2,-1,1,-1,0,1,-1,0,-3,-2
159,M,-2,-4,3,3,3,2,-1,-3,-3,-2,-1,-1,-2,-4,-3,-4,-3,-3,-4,-4
160,E,-3,-3,-5,-5,-4,-4,-5,-5,-3,-5,-1,-2,-4,4,0,-1,-1,-2,4,4
161,I,-1,0,1,0,0,4,0,1,-3,-2,0,2,0,2,-1,-1,-2,-2,-2,-2
162,V,1,1,2,1,3,0,1,-3,-3,-2,-2,-1,-1,-3,-3,-3,-3,-3,-3,-3
163,L,1,-2,-2,-1,-2,1,5,-2,-4,7,-2,-1,0,-4,-4,-3,-4,-4,-4,-4
164,V,-2,-3,4,0,3,0,0,-3,-3,-2,-2,2,-2,0,-2,-3,-3,-3,1,-2
165,V,1,2,1,-1,2,0,0,-3,-3,2,0,-1,-2,-2,-2,-3,-2,-3,1,-2
166,F,-3,-4,2,1,1,1,2,9,-4,-3,-4,-3,0,-5,-3,-4,-4,-4,-5,-4
167,F,-4,-5,1,-1,-2,1,8,-1,-5,-4,-4,-3,3,-4,-4,-3,-4,-4,-5,-5
168,G,0,1,-2,-1,0,-2,-3,-4,-2,0,2,5,-3,-1,-2,-3,-2,-2,-2,-2
169,T,0,1,1,2,2,1,3,-2,-3,-1,-2,-1,1,-3,-3,-3,-3,-3,-3,-3
170,E,-3,-4,-5,-4,-4,-4,-4,-4,-3,-5,-2,-3,1,-2,0,-2,-1,-2,0,7
171,Y,-1,-4,0,1,-1,4,4,-1,-4,4,-2,-2,4,-3,-3,-2,-3,-1,-4,-3
172,V,0,-1,3,3,3,0,0,-3,-3,-1,-2,-1,-2,-3,-3,-3,-3,-3,-4,-3
173,V,-2,-4,2,4,3,2,-1,-3,-4,-2,-2,-2,-2,-4,-3,-4,-3,-3,-4,-4
174,R,-2,-3,-4,-3,-4,-3,-3,-4,-3,3,-2,-2,0,-2,0,-2,4,5,-3,-1
175,L,0,-4,3,3,1,1,3,-2,-3,-1,-2,-2,-1,-4,-3,-3,-3,-3,-4,-3
176,W,0,-4,4,1,1,0,2,6,-3,-2,-1,-1,-1,-4,-3,-3,-3,-3,-4,-3
177,S,4,-1,-2,-1,0,-1,-2,-3,-2,-1,2,-1,-2,-1,0,2,-1,-2,-2,-1
178,A,2,-2,-1,1,-1,-1,2,-2,1,3,0,-1,-1,-2,-2,-2,-2,-2,-2,0
179,G,-1,2,-1,-2,0,0,-2,-2,3,-2,-1,-1,-2,-1,-1,-2,2,1,-1,-1
180,C,-1,-1,-1,0,-1,-1,-1,-1,4,5,-1,-1,-1,-1,-1,2,-1,-1,-1,-1
181,R,0,1,-1,-1,0,-1,-1,-1,0,3,0,0,1,-1,0,-1,1,0,-1,0
182,S,0,1,-1,-1,-1,-1,-1,-1,-1,4,1,0,2,0,-1,3,-1,-1,-1,-1
183,K,0,-1,-1,-1,-1,-1,2,0,-1,-1,-1,-1,4,-1,0,0,1,1,-1,-1
184,Y,-1,-1,0,0,0,0,3,0,-1,-1,0,1,3,-1,-1,0,-1,0,-1,-1
185,V,0,-1,0,0,0,0,2,-1,-1,0,0,0,0,0,0,1,0,1,0,0
186,G,-1,2,-1,-1,-1,-1,1,-1,1,1,0,0,-1,0,-1,-1,-1,-1,2,0
187,L,0,-1,0,0,0,-1,1,7,0,1,-1,-1,0,-2,-1,-1,-1,-1,-2,-1
188,W,-1,-1,-2,-1,-1,-1,-1,7,2,-2,-1,1,0,0,1,-1,0,1,-1,0
189,G,0,2,-3,-3,-2,-2,-3,-3,-1,-2,1,-1,-2,4,-1,-1,-1,-1,2,-1
190,R,-1,-2,-1,-2,-1,-1,-2,-3,-2,-3,-1,1,-2,1,0,-1,3,4,-1,0
191,L,-1,-3,0,3,0,1,3,1,-2,3,-2,-1,2,-3,-1,0,-2,-1,-3,-2
192,R,0,0,-3,-3,-2,-2,-2,3,-2,-3,-1,-1,1,0,0,0,2,2,2,1
193,F,-1,-3,-1,-1,-2,-1,7,0,-4,-3,-2,-3,3,-3,-3,-2,-3,-3,-4,-3
194,A,1,-2,1,1,0,0,4,4,-3,-2,-1,0,0,-3,-2,-2,-2,-3,-3,-3
195,R,-1,-2,1,0,-1,-1,-1,-2,-2,1,-1,0,1,-1,0,-1,2,4,-1,-1
196,K,0,0,-1,-2,0,1,-2,-3,-2,-2,1,-1,-2,3,0,0,1,0,0,0
197,P,1,-1,1,-1,2,-1,-1,-3,5,-2,0,-1,-2,-2,-2,-2,-2,-2,-2,-2
198,I,-1,1,0,2,-1,3,1,4,-1,-2,0,-1,1,0,-2,-2,-2,-2,-2,-2
199,S,0,-2,-2,-3,-1,-2,-3,-4,-3,4,2,0,-3,5,-1,-1,-2,-2,-1,-2
200,I,0,-4,4,1,3,1,-1,-3,-3,-2,-2,0,-2,-3,-3,-3,-3,-3,-3,-3
201,I,-2,-4,4,1,3,0,3,-2,-2,-2,-3,-2,-1,-4,-3,-3,-3,-3,-4,-4
202,D,-3,-3,-4,-5,-4,-4,-4,-5,-3,-5,-2,-2,-2,0,-2,-2,-2,-3,7,0
203,L,-1,-4,3,1,2,0,4,3,-4,1,-3,-1,0,-4,-3,-3,-3,-3,-4,-4
204,I,0,-3,3,2,3,1,1,-2,-3,-2,-2,0,-1,-3,-3,-3,-3,-3,-3,-3
205,V,3,-2,1,1,3,0,-2,-3,-2,-2,0,1,-2,-3,-2,-3,-2,-3,-3,-2
206,V,-1,-3,3,1,3,2,-1,-3,-3,-2,0,-1,-2,-2,-2,-3,-2,-1,-3,-3
207,V,-2,-4,3,2,2,1,-1,-3,1,-2,-2,0,-2,-3,0,-3,-2,-3,-3,-2
208,A,2,-1,-2,0,-2,-2,-3,-4,6,-3,0,0,-3,-2,-2,-3,-2,-3,-2,-1
209,S,-1,-3,-1,-1,1,2,3,-1,-3,-2,2,-1,3,-2,-2,2,-2,-2,-2,0
210,M,-2,-3,2,0,0,1,3,3,-2,-2,-1,-2,5,-1,-2,1,-2,-3,-3,-3
211,V,0,-3,2,1,3,0,-1,-2,0,-2,-2,0,0,-2,-2,-2,-2,-2,-3,-1
212,V,0,2,0,-2,1,-1,-3,-3,-1,-2,2,2,-2,-1,1,-2,-1,0,0,0
213,L,-2,-2,2,3,2,2,1,-3,0,1,-2,0,-2,-3,-2,-3,-3,-3,-4,-2
214,C,2,2,-1,0,0,0,1,-1,-2,1,1,0,2,-2,-2,0,-2,-2,-2,-2
215,V,0,-3,2,3,2,2,-1,-3,0,-2,-2,0,-2,-3,0,-3,-2,0,-3,-1
216,G,1,2,-2,-1,-1,-2,-2,-3,0,-2,1,1,0,1,-1,-2,0,-2,-1,0
217,S,0,0,-2,-2,-1,0,-3,-3,-2,-2,2,1,-2,2,0,2,0,-1,2,2
218,K,0,1,-1,0,-1,0,-2,-3,-2,-2,0,-1,-2,2,2,-1,1,1,-1,0
219,G,1,2,0,-1,0,-1,-2,-3,-2,-2,1,-1,-1,-1,1,-2,-1,-1,0,1
220,Q,0,-1,-1,0,0,1,-2,-3,-2,-2,0,-1,-2,2,2,-1,-1,-1,1,2
221,V,0,-1,0,0,1,-1,0,-2,-2,-2,0,-1,-1,0,1,-1,1,0,1,1
222,F,-1,-2,0,1,-1,1,2,-1,-2,-2,0,0,2,0,0,-1,0,1,0,-1
223,A,1,-1,1,-1,1,0,1,-2,0,-1,1,0,-1,0,-1,2,-1,-2,-2,-1
224,T,-1,1,0,2,0,0,0,-2,0,-2,1,2,-2,-1,-1,-2,-1,1,-2,-2
225,S,0,1,1,-1,-1,-1,-2,-3,-2,-2,3,0,-2,-1,1,-2,1,-1,-2,-1
226,A,1,-2,2,1,2,0,1,-2,-2,-1,1,0,-1,-1,-2,-2,-2,-2,-2,-1
227,I,-2,-4,2,3,1,0,4,-1,0,-2,-3,-2,0,-4,-3,-3,-3,-3,-4,-3
228,R,-2,-3,-3,-3,-1,1,-4,-4,-3,-4,-1,2,-3,-2,1,-2,1,6,-3,-1
229,G,-1,-1,1,-1,2,-1,3,-2,-3,-2,1,1,-1,-1,-2,-2,-2,-3,0,-2
230,I,0,-4,3,3,1,1,3,3,-4,-2,-3,-2,0,-4,-3,-3,-3,-3,-4,-4
231,R,-3,-4,-4,-2,-4,-3,-4,-4,-4,-5,0,-2,-3,-2,-1,-2,0,7,-3,-2
232,F,0,-1,1,3,0,1,3,-2,-3,-2,-2,-2,0,-3,-3,-3,-3,-3,-3,-3
233,L,1,-3,0,2,1,3,3,-1,-3,-2,-2,-1,1,-3,-2,-2,-2,-2,-3,-3
234,Q,-2,-3,-3,-1,-3,-2,-3,-3,-3,-4,-2,-2,-3,-2,3,-1,1,6,-2,-1
235,I,0,-4,5,0,4,0,1,-3,-3,-2,-2,-1,-2,-3,-3,-3,-3,-3,-4,-3
236,L,0,1,1,3,0,3,3,-2,-3,-2,-2,-2,-1,-3,-2,-3,-3,-3,-3,-3
237,R,-3,-3,-4,-3,-3,-3,-3,1,-3,-4,-2,-2,0,-2,0,-1,1,7,-3,-1
238,M,0,-3,4,2,2,3,-1,-3,-3,-2,-2,-1,-2,-3,-2,-3,-3,-3,-3,-3
239,L,-2,-4,1,3,2,2,3,-2,-3,-2,-3,-2,0,-3,-3,-3,-3,-3,-4,-3
240,H,-2,-3,-3,-2,-3,-2,-3,-3,-2,-4,-1,-2,-2,-1,0,1,4,5,-2,-1
241,V,-1,-4,0,4,0,3,1,-2,-3,-2,-3,-2,-1,-3,-2,-3,-2,0,-4,-3
242,D,1,-2,1,1,0,0,-2,-3,-2,-2,1,0,-2,-1,-1,-2,-1,0,2,-1
243,R,-2,-3,-4,-3,-4,-3,-4,-4,-3,-4,2,-2,-3,-1,1,-2,2,6,-2,-1
244,Q,-1,1,-3,-3,-3,-2,2,-3,-3,-3,0,-2,0,-1,2,6,0,3,-2,-1
245,G,1,3,0,0,-1,-1,1,-3,-2,-2,2,-1,-2,-1,-2,-2,-2,-2,-2,-2
246,G,-1,2,-1,-1,1,-1,-3,-3,-2,-3,0,1,-2,-1,1,-2,2,0,-1,2
247,T,1,5,-1,-3,-1,-2,-3,-3,-3,-3,0,1,-3,-1,-2,-3,-2,-3,-2,-3
248,W,-2,-4,3,4,1,1,-1,6,-4,-2,-3,-2,-1,-4,-3,-4,-4,-3,-5,-4
249,R,-2,-3,-4,-3,-4,-2,-4,-4,-3,-4,-1,-2,-3,2,4,-1,3,5,-2,0
250,L,-1,-3,1,1,0,-1,0,-3,-2,-2,1,3,-2,-1,-1,-2,0,-1,-2,0
251,L,-2,-5,2,5,1,2,0,-3,-4,-2,-3,-2,-2,-4,-3,-4,-3,-3,-5,-4
252,G,-1,4,-2,1,-2,-1,-2,-3,-3,-3,-1,1,-3,1,-2,-3,-2,-3,0,-2
253,S,-1,0,0,0,-2,0,4,5,-3,-3,1,-1,2,0,-1,2,-2,-2,-2,-2
254,V,2,-2,-1,-1,2,-1,-3,-4,-2,-2,0,4,-3,1,-2,-3,-2,-2,-2,-2
255,V,0,-3,1,3,1,1,2,-2,-3,-2,-2,1,-1,-3,-2,-3,-1,-2,-3,-3
256,F,-2,0,1,-1,-1,3,0,-2,-3,1,-1,1,1,-2,0,-1,2,3,-2,-1
257,I,2,-2,-1,-1,-1,3,2,-2,-2,-2,1,-1,0,-2,1,0,1,1,-2,-1
258,H,-1,-2,-2,-3,0,-2,-3,-4,-3,6,4,-1,-2,1,-2,4,-2,-2,-2,-2
259,R,0,-3,-1,1,-1,3,2,-1,-3,-2,1,1,3,-2,-2,-2,-2,-1,-3,-2
260,Q,-2,-2,-1,-1,-2,-2,-3,-3,4,-3,0,-1,-2,1,2,0,3,2,-1,0
261,E,2,-2,-3,-1,-2,-2,-3,-3,-2,-3,1,1,-3,-1,1,-2,0,-1,0,4
262,L,-2,-4,2,4,1,3,2,-2,-4,-2,-3,-2,-1,-4,-3,-3,-3,-3,-4,-4
263,I,0,2,1,1,1,2,2,-2,2,-2,-2,-2,-1,-2,-2,-3,-2,-3,-3,-3
264,T,0,-3,-1,1,-1,0,2,-2,-3,0,-1,2,2,2,-2,-1,-2,-2,-2,-2
265,T,0,-4,3,3,2,1,-1,-3,-3,-2,-2,-1,-2,-4,-3,-4,-3,-3,-4,-3
266,L,0,1,2,3,0,0,1,5,-3,-2,-2,-2,-1,-3,-3,-3,-3,-3,-4,-3
267,Y,-2,-4,2,3,2,1,2,-1,-3,-2,-1,-2,3,-3,-3,-2,-3,-3,-4,-3
268,I,-2,-4,2,3,0,0,5,-1,-4,-3,-1,-2,2,-4,-3,-3,-3,-3,-4,-4
269,G,-1,1,2,3,0,2,1,-2,-3,-2,1,-1,-2,-2,-2,-3,-3,-3,-3,-3
270,F,1,-3,2,-1,0,-1,5,-1,-3,2,-1,0,0,-3,-3,-3,-3,-3,-3,-3
271,L,-1,-3,1,3,1,4,-1,-3,-3,-2,1,0,-2,-3,-2,-3,-2,-3,-3,-3
272,G,1,3,0,0,1,-1,-2,-3,-3,3,0,1,-2,-2,-2,-3,-2,-3,-3,-3
273,L,-2,-4,2,2,2,5,2,6,-4,-2,-3,-2,0,-4,-3,-3,-3,-3,-4,-4
274,I,-1,-4,3,1,0,0,5,-2,-3,-2,-1,-1,0,-3,-3,1,-3,-3,-4,-3
275,F,-2,-4,5,3,1,0,1,-3,-4,-2,-3,0,-2,-4,-3,-4,-3,-3,-4,-4
276,S,1,-3,-2,-1,-2,-2,6,0,-3,-3,0,-2,5,-3,-3,-1,-3,-3,-4,-3
277,S,4,0,-3,-3,-2,-2,-3,-4,-2,-2,4,0,-3,-1,-2,-2,-2,-2,-2,-2
278,Y,1,0,-1,-2,1,-1,2,5,0,2,0,1,1,1,-2,-2,-2,-2,-2,-2
279,F,0,-3,0,2,1,2,4,-1,-3,-2,-2,0,0,-3,-2,-3,-1,-2,-3,-3
280,V,1,1,2,1,3,1,1,-3,-2,-2,0,-1,-1,-2,-2,-3,-2,-3,-3,-2
281,Y,-2,-3,-3,-2,-3,-2,2,0,-3,-4,0,-2,6,-2,0,3,2,2,-3,-2
282,L,0,-3,1,2,3,0,2,-2,-3,-2,-1,0,2,-3,-3,-2,-3,-3,-4,-3
283,A,3,-2,0,0,1,0,-2,-3,-2,3,-1,-1,-2,-1,-1,-2,1,-1,-3,-2
284,E,-2,-3,-3,-1,-3,0,0,2,-1,-4,-1,0,-2,-2,0,-1,0,0,0,5
285,K,-1,-2,-3,-3,-3,-2,-4,-4,-2,-4,-1,-1,-2,2,1,1,3,4,1,2
286,D,0,1,-3,-3,-2,-2,-3,-3,-2,-3,1,0,-3,1,-1,-1,0,-1,4,1
287,A,1,3,-1,-1,-1,-1,-2,-2,-2,-2,0,0,-2,1,-1,0,-1,-1,1,1
288,V,-1,-2,1,-1,0,0,-2,-2,2,-2,-1,1,-2,0,0,-1,-1,-1,3,0
289,N,-1,0,-2,-1,-1,-1,-1,-2,2,-2,0,1,1,1,1,-1,-1,-1,2,1
290,E,0,0,0,-1,0,-1,-1,3,-1,-2,0,-1,-1,0,0,2,0,-1,2,1
291,S,-1,0,-1,-1,-1,2,-2,-2,1,-2,1,0,-2,2,0,-1,0,1,1,1
292,G,-1,0,-1,-1,-2,0,3,-1,-1,-2,0,-1,0,1,1,-1,0,2,1,0
293,R,-1,-2,-3,-3,-2,-2,-3,-3,-2,-3,0,-1,-2,5,3,2,1,2,0,0
294,V,-1,-2,-2,-2,-1,-2,2,-2,-2,-3,0,2,-1,3,0,-1,1,0,1,1
295,E,-2,-2,0,-2,0,-1,-3,-3,-2,-3,-1,-1,-1,3,2,2,1,-1,1,2
296,F,-1,-4,-2,-1,-2,-1,7,-1,-4,-3,-3,0,1,-4,-4,-3,-4,-4,-4,-4
297,G,1,1,-2,-1,-2,-1,-3,-3,-1,-2,2,2,-2,0,2,-1,1,-1,0,0
298,S,-1,-2,-3,-3,-2,-2,-3,-3,-2,-2,3,4,-3,4,-1,-2,-1,-2,-1,-1
299,Y,-2,-3,3,0,1,-1,4,-1,-3,-2,1,-1,4,-3,-3,-1,-3,-3,-3,-3
300,A,1,-3,-1,0,-2,3,1,3,6,-3,-2,-2,-2,-3,-2,-3,-2,-3,-3,-2
301,D,1,0,1,-1,-1,-1,-3,-3,-2,0,-1,0,-2,-1,2,0,-1,-2,3,1
302,A,3,0,-2,-1,-2,-2,-3,-3,-2,6,2,-1,-3,-2,-2,-3,-2,-3,-3,-2
303,L,-2,-4,0,3,2,3,4,4,-4,0,-3,-2,1,-4,-3,-3,-3,-3,-4,-4
304,W,-3,-4,-2,1,-3,-2,3,10,-5,-3,-4,0,2,-5,-3,-3,-4,-4,-5,-4
305,W,-3,-4,-2,2,-2,-1,-1,10,-4,-3,-3,-3,2,-4,2,-3,-3,-3,-4,-2
306,G,2,2,2,2,0,0,-2,-3,-3,-2,-1,0,-2,-3,-2,-3,-2,-3,-3,-3
307,V,-1,-3,2,0,2,1,2,-2,-3,-2,1,3,-1,-2,-2,-3,-2,-2,-3,-2
308,V,-1,-4,3,1,3,0,-2,-3,-3,-2,-2,2,-2,-3,-2,-3,-2,1,-3,-3
309,T,-1,-2,-2,-3,-2,-2,-3,-4,-2,4,3,5,-3,-1,-2,-3,-2,-2,0,-2
310,V,2,-3,0,1,1,6,2,-3,-3,-2,-2,-1,-1,-3,-2,-3,-2,-3,0,-2
311,T,0,1,-2,0,-1,-1,0,4,-2,-2,1,4,-2,-1,-2,-3,-2,-2,-2,-2
312,T,-1,1,-3,-3,-2,-2,-3,5,-2,-2,2,5,-2,0,1,-2,-2,-2,-2,-2
313,I,-1,-4,3,2,3,0,-1,-3,-3,-2,-1,-1,-2,-2,-2,-3,-2,-3,1,1
314,G,1,6,-1,-1,-2,-2,-3,-4,-3,-3,-1,-2,-4,-2,-3,-3,-3,-3,-3,-3
315,Y,-3,-4,-2,-1,-2,-2,1,6,-3,-4,-2,0,7,-3,-3,0,-2,-2,-4,-3
316,G,-1,5,-4,-3,-4,1,-4,-3,-3,1,-1,-2,-4,-1,3,-2,-2,-2,-2,-1
317,D,-3,-3,-5,-5,-5,-4,-5,-5,-3,-5,-2,-2,-4,1,-1,-2,-2,-1,7,2
318,K,-2,-3,2,0,1,5,-2,-3,-3,4,0,0,-2,-1,-2,-3,1,-1,0,-2
319,V,-1,1,-1,0,2,2,0,4,-3,-1,-2,0,4,-2,-2,1,-2,1,-3,-2
320,P,1,-3,-2,0,-2,-2,-3,-4,6,-3,-1,0,-3,1,-2,-3,-2,-3,-2,-2
321,Q,0,-1,-1,-2,-1,-1,-3,-3,2,-3,0,-1,-2,0,2,2,2,0,-1,0
322,T,-1,1,-2,-3,-1,-2,-3,-4,-2,3,3,5,-3,-1,-2,-3,-2,-2,-2,-2
323,W,0,-3,1,1,1,1,-1,8,-2,-2,-1,1,2,-1,-2,0,-3,-3,-3,-3
324,V,1,2,-2,0,-1,-1,-2,3,3,3,0,-1,-2,0,-2,-2,-2,-2,-2,-1
325,G,0,6,1,-3,-2,-3,-3,-4,-3,-3,-1,0,-4,-2,-3,-3,-3,-3,-3,-3
326,K,-1,-3,-2,-1,-2,1,1,-3,1,-1,-1,-2,-2,-2,1,-2,4,3,-2,-1
327,T,-2,1,3,2,1,0,2,-1,-3,-2,-2,-1,3,-3,-3,-2,-3,-3,-4,-3
328,I,-2,-4,2,1,3,0,5,-2,-4,-2,-3,-1,0,-2,-3,-3,-3,-3,-1,-2
329,A,2,2,2,-1,2,1,-2,-3,-3,4,-1,-1,-3,-3,-2,-3,-2,-3,-3,-3
330,S,2,0,0,0,0,0,0,-3,-2,-2,3,0,-2,-1,-2,-2,-2,-2,-2,-2
331,C,-1,-1,0,2,0,1,3,-1,-3,1,0,0,4,-3,-2,-1,-3,-3,-3,-3
332,F,-2,-4,2,-1,-1,1,4,-2,-2,6,-1,0,2,-3,-3,-2,-3,-3,-4,-4
333,S,1,0,3,0,1,2,-1,-3,-3,0,1,1,-2,-2,-2,-3,-2,-3,-3,-3
334,V,-1,-4,4,3,2,1,1,-3,-4,-2,-3,-2,-2,-4,-3,-4,-3,-3,-4,-4
335,F,1,2,0,-1,-1,2,0,-3,-2,4,2,-1,-2,-1,0,-2,-2,-2,-2,-2
336,A,1,5,-3,-3,-3,-3,3,-2,-3,-3,-1,-2,1,0,-3,-2,-2,-3,-2,-3
337,I,0,-4,3,2,3,0,3,-2,-3,-2,-2,-1,1,-4,-3,-3,-3,-3,-4,-3
338,S,0,0,2,3,2,0,-1,-3,-3,-2,1,-1,-2,-3,-2,-3,-2,-3,-3,-3
339,F,-1,-4,2,1,2,2,3,-2,-3,3,-2,1,0,-3,-3,-3,-3,-3,-4,-3
340,F,-2,-4,3,1,2,1,4,-2,-3,-2,-2,0,0,-2,-3,-3,-3,-3,-4,-3
341,A,4,0,-3,-3,-2,-3,-4,-4,-2,-2,0,-1,-3,5,-2,-2,-2,-2,-1,-2
342,L,-2,-4,0,4,0,5,1,-3,-4,-2,-1,-2,-2,-4,-3,-3,-3,-3,-4,-4
343,P,-2,-4,-1,-1,1,-2,2,-2,6,-3,-2,-2,4,-3,-3,-2,-3,-3,-3,-3
344,A,1,-4,4,0,4,0,-2,-4,-3,-2,-2,-1,-2,-4,-3,-4,-3,-3,-4,-3
345,G,3,2,-3,-3,-2,-2,-3,-4,4,-2,0,2,-3,-2,-2,-1,-2,-2,-2,-2
346,I,-1,-4,4,0,4,0,0,-4,-2,-2,-1,-1,-2,-3,-3,-4,-3,-3,-3,-1
347,L,-2,-5,5,3,2,0,-1,-3,-4,-2,-3,-2,-2,-4,-4,-4,-4,-4,-4,-4
348,G,0,1,1,1,2,2,1,-2,-3,-2,-2,-1,1,-2,-2,-2,-2,-3,-3,-3
349,S,-1,-2,-4,-4,-3,-3,-4,-4,-2,-3,2,-1,-2,3,0,2,-1,1,3,3
350,G,-1,2,-4,-4,-3,-3,-4,-4,-3,-3,1,0,-3,5,-1,-1,2,0,-1,-1
351,F,-4,-5,-1,1,-2,-1,8,-1,-5,-4,-4,-3,1,-5,-4,-3,-4,-4,-5,-5
352,A,2,0,-3,-3,-1,-2,-3,-3,-2,-2,3,0,-3,2,2,-1,-1,-1,-1,1
353,L,0,-3,0,1,1,1,-1,-2,-2,-2,-1,1,1,-1,0,1,0,1,0,-1
354,K,2,-2,-1,-2,-1,-1,2,-2,-2,2,0,1,2,-1,-1,-1,1,-1,0,0
355,V,-2,-3,-1,0,1,-1,0,-1,-3,-2,-1,2,5,-2,-1,-1,1,0,-3,-1
356,Q,1,-2,-3,-2,-2,-2,1,-3,-2,-3,1,-1,-1,0,2,3,0,0,1,3
357,Q,-2,-3,-4,-3,-3,-2,-4,-4,-2,-4,0,-1,-3,-1,2,-1,3,2,0,5
358,K,0,0,-2,0,-2,-1,-3,-3,-2,-3,1,-1,-2,1,3,-1,2,0,1,1
359,Q,0,-2,-2,-1,-2,-1,-1,-3,-2,-3,0,1,-1,-1,1,5,3,1,-2,0
360,R,1,-2,-2,-1,0,-1,-3,-3,-2,-3,0,0,-2,-1,1,-1,0,3,0,3
361,Q,0,-1,-2,-1,-2,-2,-3,-3,3,-3,0,-1,0,-1,3,3,1,0,-1,0
362,K,0,-1,-2,-3,-1,-2,-3,-4,-2,-3,-1,-1,-3,2,2,-1,2,0,2,2
363,H,0,-1,-3,-2,-2,-2,1,-2,-1,-3,-1,-1,1,1,1,4,2,1,0,1
364,F,0,-3,-2,-1,-1,2,3,-2,-2,-3,-1,-1,1,-2,2,-1,-1,2,-1,1
365,N,0,-2,-1,-2,0,2,-3,-3,-2,-3,0,0,-2,0,1,-1,2,1,-1,3
366,R,0,-2,-3,-3,-3,-1,-4,-4,-2,-1,-1,-1,-3,2,1,-1,3,4,-1,2
367,Q,0,-2,-1,-1,-1,-1,-3,-3,-2,-3,0,-1,-1,2,2,2,1,2,1,1
368,I,-1,-3,1,1,0,0,1,-2,-1,1,-1,-1,-1,-2,1,-2,1,2,-2,0
369,P,-2,-2,-3,-2,-3,-1,-3,-3,2,-3,0,-1,-2,2,3,2,2,1,0,2
370,A,1,1,-1,-1,-1,-1,-2,-3,1,-2,0,0,-2,0,-1,2,1,1,0,0
371,A,2,-2,0,-1,-2,1,-2,-3,2,3,-1,0,0,-2,1,-2,0,1,-2,1
372,A,0,-3,-1,0,1,-1,-2,-3,2,-3,-1,-1,0,-2,1,-2,1,0,1,1
373,S,0,0,0,-1,-1,-1,-1,-3,-2,-3,0,0,-2,1,1,1,1,1,0,1
374,L,1,-3,0,2,0,0,0,-2,0,3,-2,-2,0,-2,-1,0,0,2,-3,-2
375,I,-1,0,3,1,0,4,0,-3,2,-2,-1,-2,-2,-2,0,0,-1,0,-3,-2
376,Q,-2,-3,-4,-3,-3,-2,-3,-3,-3,-4,2,0,1,-1,4,1,2,3,-2,1
377,T,0,-3,-1,1,0,-1,-2,-3,0,0,1,1,-2,0,-1,-2,1,0,-1,2
378,A,2,2,-3,-3,-1,-2,-3,-4,2,-3,1,0,-3,1,-1,-2,-1,-2,2,1
379,W,-2,0,0,1,-1,1,0,7,-1,-2,2,0,-1,-2,0,-2,-2,-2,-2,0
380,R,-1,-2,1,-1,0,0,0,-3,1,0,-1,0,0,0,0,-2,0,2,1,0
381,C,-1,-1,0,1,0,-1,1,-2,-2,3,0,0,1,1,-1,0,-1,-2,0,0
382,Y,-1,-3,-2,-1,0,-2,-1,-2,-3,-1,1,-2,5,-2,1,-1,3,1,-3,-1
383,A,2,-1,-2,-1,0,-1,-1,-3,-2,0,0,0,1,-2,-1,-2,3,1,-2,-1
384,A,1,0,-3,-2,-2,1,-3,-3,-2,0,0,1,-1,2,0,2,1,1,0,1
385,E,0,-1,-2,-1,-1,-1,-1,1,-2,-3,0,0,-2,2,0,1,0,0,1,2
386,N,-1,-3,1,1,0,1,-2,-3,-1,-3,0,1,-3,1,-1,-2,2,1,0,0
387,P,-1,-1,-1,0,-1,1,-2,4,2,-3,1,1,0,0,-1,-2,0,-2,0,1
388,D,-1,-2,-1,-1,-1,0,-3,-3,0,-3,1,0,-2,1,0,0,2,2,2,1
389,S,-1,0,-1,-1,1,0,1,-3,1,-2,2,1,-2,-1,0,-2,0,0,-2,1
390,S,1,-1,0,0,0,-1,0,-3,0,2,1,-1,-2,1,0,1,0,-1,0,0
391,T,0,-2,0,-1,0,0,-1,-3,1,-2,1,2,-2,0,1,1,0,0,-2,0
392,W,0,0,-1,-1,-1,0,-2,5,-2,2,0,-2,0,-1,2,1,1,-1,1,1
393,K,0,0,-3,-1,-3,-2,-1,2,-2,-3,2,-1,0,-1,2,2,2,1,-1,1
394,I,1,0,0,-1,-1,-1,1,-2,2,0,0,-1,0,1,-1,0,-1,-1,0,0
395,Y,-2,1,-1,-2,-2,0,2,-2,-3,-3,0,-1,3,-1,2,2,1,1,1,0
396,I,0,-1,-1,-1,-1,1,-1,-3,-1,-3,1,-1,-2,1,0,-2,1,0,2,2
397,R,-2,-3,-2,0,-2,0,-3,-4,0,2,1,0,-3,1,1,-2,1,3,0,1
398,K,1,0,0,-2,-1,1,-3,-4,-2,-3,1,0,-3,2,0,-2,2,1,-1,0
399,A,0,-1,0,0,0,0,-1,-3,2,2,0,0,-2,0,-1,2,0,-1,-1,0
400,P,-1,-1,-1,0,-2,0,-3,-3,4,-3,1,2,-3,-2,0,-2,0,-1,0,2
401,R,0,-2,0,1,0,-1,1,-3,-3,-3,0,-2,-2,-2,1,-2,1,3,0,1
402,S,0,0,-1,-2,-2,-2,-2,-4,3,-3,1,-1,-3,1,1,0,1,-2,2,0
403,H,-2,-3,-1,-3,-3,4,1,-4,-3,-4,2,-2,-2,0,4,1,-2,-1,2,2
404,T,0,0,0,0,-1,-1,0,-2,-1,-2,0,1,2,1,0,-1,-1,0,0,1
405,L,-1,-2,-1,0,-2,0,-2,-3,-1,2,0,0,-1,-1,2,0,2,2,1,1
406,L,2,-2,-1,1,-1,0,-2,-3,1,-2,1,-1,0,-1,-1,-1,-1,-2,1,1
407,S,-1,-1,1,1,-1,-1,0,-3,-1,-3,0,0,-2,1,0,-2,-1,-2,2,2
408,P,-2,0,-1,-2,-3,1,-1,-4,4,-1,-1,1,-2,-1,0,4,-1,-2,1,0
409,S,-2,0,-1,0,-1,0,-3,-4,4,-3,1,-2,-1,-1,0,0,-2,0,1,1
410,P,-1,-1,-1,1,-1,-2,-1,-3,3,-3,0,0,-2,2,1,0,0,-1,-2,1
411,K,0,-2,-3,-2,-1,-2,-4,-4,4,0,0,1,-3,1,2,0,1,1,-1,0
412,P,1,-1,-2,1,-1,0,-2,-3,3,-3,-1,-2,-1,0,0,-2,1,-1,-1,1
413,K,1,-1,0,0,-1,-1,0,-3,-1,-3,0,1,-2,0,0,-2,2,0,0,0
414,K,-1,-2,-3,-1,-3,2,-4,-4,-1,-4,1,0,-4,-2,-1,-2,2,1,0,4
415,S,-1,-3,-3,0,-3,-2,0,-4,-1,-3,2,0,-2,0,1,3,2,0,0,1
416,V,0,1,0,1,2,1,-2,-3,-1,1,0,0,0,0,-2,-2,-1,0,-2,-1
417,V,-1,0,0,0,0,2,1,-3,1,3,0,-1,-2,1,-1,-2,0,1,-2,0
418,V,0,1,0,0,0,3,-2,-3,0,-3,2,0,-3,0,0,-2,1,0,-2,-2
419,K,-1,0,-1,-1,-2,-2,-3,-4,-2,0,1,1,-3,1,-1,-2,2,1,1,2
420,K,-1,-1,-2,-1,-2,-2,-3,-3,-2,-3,1,0,0,1,1,2,2,2,1,0
421,K,0,0,-2,-1,-2,-2,-3,-3,0,0,1,1,-2,0,1,1,1,1,1,1
422,K,-2,-1,-3,-1,-3,-2,-3,-3,-2,2,1,0,-3,0,1,-2,3,3,-2,1
423,F,1,0,2,1,0,-1,2,-3,1,3,-1,0,-1,0,-1,-3,-2,-3,-3,-3
424,K,0,-2,-2,-3,-3,-2,-4,-4,-2,-3,-1,0,-3,2,2,1,2,3,-1,2
425,L,0,-2,1,1,0,1,1,-3,0,-2,2,0,-2,1,-1,-2,0,-2,-1,0
426,D,0,0,-1,-2,-1,-2,-3,-4,-2,-3,2,-1,-2,2,1,1,1,-1,2,0
427,K,0,-1,-3,-1,-3,-2,-3,-4,1,-3,0,0,-2,3,2,3,2,-1,-1,1
428,D,0,1,-4,-4,-3,-3,-3,-4,3,0,1,-1,-1,1,-1,2,0,-1,3,0
429,N,-1,-2,-1,-1,-2,-2,-3,-3,0,-3,-1,0,-1,3,1,2,1,2,2,0
430,G,0,1,-2,-1,-2,-2,-1,-3,-2,0,1,0,0,0,2,0,-1,0,1,0
431,V,0,0,0,1,1,-1,-2,-3,3,0,0,-1,1,-2,-2,-2,-1,1,-2,0
432,T,-1,0,-1,0,0,-1,1,-2,-2,-2,0,0,2,1,-1,2,0,1,1,-1
433,P,0,0,-1,-3,-1,-2,-3,-3,2,2,1,0,0,0,1,1,0,1,0,0
434,G,-2,2,0,0,-1,-2,-3,4,-3,-3,1,-2,-2,1,-2,1,1,-2,2,-2
435,E,-1,1,-3,-3,-2,-2,0,-3,0,-3,0,0,-2,0,1,-2,1,-1,3,2
436,K,-1,-1,-4,-4,-3,-3,-1,4,0,-4,1,-2,-2,1,0,-2,3,2,1,1
437,M,-2,2,0,0,0,2,0,-3,-3,2,0,1,-2,-2,-2,4,-1,-1,-3,-2
438,L,-1,0,-2,-1,-1,-2,1,4,-3,-3,2,2,-2,1,2,-2,-2,-2,0,0
439,T,1,1,-3,-1,-2,-2,-3,-4,3,-3,-1,3,-3,1,1,-2,0,0,0,-1
440,V,1,-2,-1,0,0,-1,-2,-3,2,-2,1,0,-2,0,-1,1,1,-1,1,1
441,P,-1,1,-3,-2,-2,1,-3,-3,4,-3,0,2,0,0,-1,-2,1,0,0,0
442,H,-1,1,-1,0,-1,-1,-1,-2,-2,-3,0,0,2,1,0,4,-1,0,0,-1
443,I,0,2,1,1,1,1,-1,-3,2,-2,-1,0,-2,-2,-2,-2,-1,-2,0,-1
444,T,-1,-1,0,0,-1,1,0,-2,1,-2,1,2,0,-1,0,-2,-1,-1,1,0
445,C,0,1,-1,-2,-1,1,-1,-3,-2,1,1,1,-2,0,1,-2,0,-1,1,1
446,D,-1,1,-2,-2,-2,-2,-3,-3,2,-2,1,1,-2,0,2,-1,1,0,2,1
447,P,-1,1,-3,-3,-2,-2,-3,-3,3,-2,1,1,-2,-1,1,1,-1,0,2,1
448,P,1,-2,0,0,0,-1,0,-2,3,1,2,0,-2,-1,0,-2,0,-1,0,-1
449,E,0,0,-2,-1,-1,-1,-2,-3,1,-2,1,0,-2,1,2,1,0,-1,0,2
450,E,0,-2,-2,-1,-2,-1,-2,-3,0,-2,1,2,-2,-1,0,1,1,-1,1,2
451,R,-1,-2,-1,-1,0,-1,1,2,-2,-3,0,0,1,-1,2,-1,1,2,0,1
452,R,-1,-2,0,-1,2,-1,0,-3,-2,-2,1,-1,-2,-1,-1,1,0,3,-1,0
453,L,-1,0,0,0,0,-1,-2,-3,-2,-2,1,1,-2,-1,2,-1,0,1,-1,2
454,D,-1,-2,-3,-3,-1,-2,-3,-3,-2,-3,1,0,-2,1,1,1,1,1,3,2
455,H,0,-2,-2,-1,-2,0,-2,-3,4,-3,1,1,0,1,0,1,0,-2,0,1
456,F,-1,-2,1,2,-1,-1,1,5,-2,-2,1,-1,-1,1,-1,1,-2,-2,-1,1
457,S,1,1,-1,-1,-2,-1,-2,-2,-2,-2,1,-1,0,2,0,-1,1,1,1,-1
458,V,-1,0,-1,-1,1,-1,-1,-2,2,-2,-1,0,1,1,2,-1,-1,0,1,-1
459,D,0,0,-1,-2,-2,1,-2,-3,-2,-2,1,0,-2,0,1,1,0,0,3,2
460,G,1,2,0,-2,-2,-2,-3,-3,0,-2,2,0,-2,-1,-1,2,-1,-2,-1,2
461,Y,0,-3,1,0,-1,-1,4,-1,-3,-2,1,2,2,-2,-2,-2,-2,-2,-2,1
462,D,-2,-2,1,-1,-1,-1,-2,3,-2,-3,0,-1,-2,1,1,-1,1,0,2,3
463,S,0,-2,-3,-2,-2,-2,-3,-4,1,-3,2,0,-3,2,0,-1,0,-1,3,2
464,S,-1,-2,-3,-3,-3,-2,-3,-3,-2,-3,3,-1,-2,2,1,-1,1,3,-1,2
465,V,-1,-2,-2,-3,-1,-2,-3,-3,5,-3,0,0,-3,2,2,-2,0,1,-1,-1
466,R,-1,-2,-2,-2,-1,2,-3,-3,-2,-3,2,-1,-2,1,1,3,1,2,-1,1
467,K,-1,0,-3,-3,-2,-2,2,-3,0,-3,2,1,-1,1,2,-2,3,0,-2,-1
468,S,1,-2,-2,-2,1,-2,-3,-4,-2,-2,2,-1,-2,-1,2,2,-1,0,0,2
469,P,1,-3,-4,-4,-3,-3,-4,3,7,-4,0,-2,-3,-3,0,-3,-2,-3,-3,1
470,T,0,-2,1,-1,0,-1,-2,-3,-2,-2,1,1,1,2,1,-1,1,-1,-1,0
471,L,1,-2,-2,1,-2,-1,-2,-3,3,4,1,-1,-2,-2,0,1,0,-2,-2,0
472,L,-2,-1,1,2,3,2,1,3,-3,-2,-1,-1,-1,-3,-2,-3,-2,-1,-1,-3
473,E,-1,3,-3,-2,-3,-2,-3,-3,-2,2,1,-1,-2,1,2,2,0,-1,-1,1
474,V,-1,-1,-1,0,1,-1,0,-3,0,1,0,-1,-2,-1,2,-2,0,1,0,1
475,S,1,1,-3,-3,-1,-2,-4,-4,-2,-2,3,0,-3,1,1,-2,-1,-2,-1,2
476,M,-1,-2,-2,-1,-2,2,-2,5,2,-3,-1,0,-2,2,2,-2,0,-2,3,-1
477,P,-1,0,-2,-1,-2,-2,1,-2,4,-3,2,-1,-1,-1,0,-2,2,1,-2,0
478,H,0,-2,-3,-1,-2,-2,0,-3,0,-3,0,0,-2,0,0,2,1,-1,1,3
479,F,-2,-2,-1,-2,1,-2,1,-2,2,-3,-1,-1,3,2,-1,-1,0,3,0,-1
480,M,1,-2,0,0,-1,1,1,-2,2,-2,1,0,-1,0,-1,-2,-1,0,0,-1
481,R,-1,-2,-1,-2,-2,-2,-3,-3,-2,2,1,-1,-2,2,0,-1,1,4,1,-1
482,T,1,0,-1,-1,0,-1,-2,-2,0,-2,1,4,-2,-1,1,-2,-1,-1,-2,-1
483,N,-2,-2,-3,-3,-3,-2,-3,3,-2,-3,0,0,-2,1,1,-1,1,4,2,1
484,S,1,0,0,0,0,1,-2,-2,-2,2,2,1,-2,-1,1,-2,-1,-1,1,0
485,F,0,0,-2,-2,-1,-1,3,3,-2,-2,0,0,4,2,1,1,-2,-2,-2,-1
486,A,2,-1,-2,-1,0,1,-3,-3,-2,-2,3,0,-2,1,-1,-2,-1,1,-1,0
487,E,1,0,-2,-2,-1,-2,1,-2,1,-2,1,-1,1,-1,0,-1,1,2,-1,1
488,D,-1,-3,-3,-3,-3,1,-3,5,-2,-3,2,0,-2,-1,0,-2,1,-1,2,4
489,L,1,-2,0,1,-1,-1,-2,-3,-2,-2,2,-1,-2,-1,2,-2,-1,-1,0,1
490,D,-1,-2,-3,0,-3,-2,-3,-4,-2,-3,2,-1,-3,0,-1,-2,1,1,4,2
491,L,-1,-3,1,2,0,2,-1,-3,0,-2,2,1,-2,-2,-1,-2,0,-2,-2,-2
492,E,-1,-2,-3,-3,-1,-2,1,-2,1,-3,2,-1,1,-1,2,1,1,-1,-1,3
493,G,0,3,-3,-3,-3,1,-3,-3,2,-3,2,-1,-3,-1,1,-2,-1,-2,2,1
494,E,0,1,-1,-3,-2,-2,-4,-4,-2,-3,1,-1,-3,-1,2,-1,0,1,0,4
495,T,0,1,-2,-2,-1,-2,-3,-3,2,-3,-1,1,-3,-1,-1,-2,2,-1,2,1
496,L,0,0,1,0,1,0,-2,-3,-2,2,1,2,-2,-1,-1,-2,0,-1,-2,-2
497,L,0,2,0,2,1,0,-1,3,-2,2,0,0,-1,-2,-2,-2,-2,-2,-2,-2
498,T,-1,-2,-3,-3,-2,-2,-3,-3,1,5,0,2,-3,1,2,-2,0,-1,1,1
499,P,-2,-3,-3,-3,-2,-3,-4,-4,6,7,-1,2,-4,-3,-3,-3,-3,-3,-3,-3
500,I,-1,0,0,-2,-2,2,-2,-3,-3,5,-1,-2,-2,-1,1,4,0,-1,2,1
501,T,0,-2,-1,1,0,-1,-2,-3,-2,-2,1,1,-2,-1,0,-2,-1,-2,1,3
502,H,-1,-2,-3,-2,-2,-2,0,-3,-2,-3,1,2,-1,1,1,2,1,2,-1,2
503,I,2,-3,3,1,2,0,-1,-3,-3,-2,-1,-1,-2,-3,-2,-3,-1,1,-3,-2
504,S,2,-2,-2,-1,-2,-2,-3,-3,-2,-2,1,-1,-2,-1,2,2,0,-1,1,3
505,Q,-2,-2,-3,-3,-1,-3,-4,-4,-2,-4,-1,-2,-3,0,2,2,1,-1,5,0
506,L,0,0,1,2,0,2,-1,-2,-2,-1,0,1,-1,-1,-1,-2,1,-1,-2,-1
507,R,-1,-2,1,-1,-1,1,-2,-2,-2,3,0,3,-2,-1,1,-1,1,2,-2,-1
508,E,-1,-3,-3,-4,-3,-3,-4,-4,7,-3,0,2,-4,-2,-2,-3,-2,-3,-2,0
509,H,0,1,-3,-3,-2,-2,-3,-3,3,-3,0,1,-2,1,0,3,1,2,-1,1
510,H,0,-3,0,2,1,0,-1,-3,1,-2,-1,0,-1,-2,-1,2,1,-1,-2,0
511,R,-2,-3,0,-3,-2,-2,-3,-4,1,-4,-1,-1,-3,1,0,-1,5,3,-1,1
512,A,2,-1,0,0,2,-1,-2,-3,-2,-1,1,2,-2,0,-1,-2,0,-1,-2,-1
513,T,1,-2,-1,-2,1,-2,-3,-4,-2,-2,2,2,-3,0,-1,-2,-1,-2,4,1
514,I,-1,-1,4,0,2,3,-1,-3,-3,-2,-2,-1,-2,0,0,-2,-2,-2,-2,-2
515,K,0,-2,-2,-1,-2,-1,-3,-3,-2,-2,0,1,-2,-1,0,-1,2,4,-2,-1
516,V,2,-1,-2,-3,0,-2,-3,-4,3,-2,3,0,-2,-1,-1,2,-1,-2,-2,-1
517,I,0,-3,3,1,2,2,-1,-3,-3,-2,0,1,-2,-2,0,-3,-2,-2,-3,-2
518,R,-1,0,-3,-3,-3,-2,-3,-3,-2,3,1,1,-2,-1,0,-1,1,5,-2,-1
519,R,-1,-3,3,-1,1,-1,-2,-3,-2,-2,2,0,-2,-1,-1,-2,0,3,-2,-2
520,M,0,-3,3,3,1,5,-1,-2,-3,-2,-2,-1,-2,-3,-2,-3,-2,-3,-4,-3
521,Q,-2,-2,-3,-3,-3,-2,-4,-3,-2,-4,-1,-1,-2,0,4,-1,3,3,2,2
522,Y,-1,-2,-2,-1,-2,-1,5,-1,-3,-2,3,-1,3,-1,-2,-1,-2,-2,-2,0
523,F,-2,-3,0,2,-1,2,4,-1,-3,-3,-2,-2,1,-2,-2,3,-2,1,-3,-2
524,V,-1,-3,2,1,3,0,-1,-3,-2,-2,0,1,-2,-2,-2,-3,-2,-2,1,-2
525,A,3,-1,-2,-2,-1,-2,-2,-2,2,-1,3,1,2,-1,-1,-1,-1,-2,-2,-1
526,K,1,-2,0,-2,-1,-1,-3,-3,-2,-3,0,0,-2,-1,0,-2,4,2,-2,0
527,K,-1,-2,0,-2,-1,-1,-3,-3,2,-3,-1,2,-2,-1,1,-1,2,4,-2,0
528,K,-2,-2,0,0,-2,-1,-3,-3,-2,-3,-1,-1,-2,-1,0,2,4,0,2,0
529,F,-3,-4,1,-1,-1,-1,7,0,-4,-3,-3,-3,2,-3,-3,-2,-2,2,-4,-3
530,Q,-1,-2,-3,-3,-2,-2,-4,-3,3,3,-1,1,-3,-1,3,-1,4,0,-2,0
531,Q,0,0,-2,-3,0,-2,-3,-3,-2,-3,-1,-1,-3,-1,2,-1,0,-1,0,5
532,A,2,-1,-2,-2,-1,-2,-3,-3,-1,-1,2,4,-2,-1,-1,-2,-1,-2,-1,1
533,R,-2,-3,0,3,-1,0,-1,-3,-3,-2,-2,0,-2,-2,-1,-2,-1,2,-2,1
534,K,-2,-3,-3,-3,-3,-2,-4,-3,2,-4,-1,0,-2,-1,2,-1,2,5,-2,-1
535,P,-1,-2,-3,-3,-3,-3,-3,-3,8,-3,-1,-1,-3,-2,-2,-2,-1,-2,-2,-1
536,Y,-1,-2,-2,-2,-1,-1,1,1,-2,-2,2,1,6,-1,-1,0,-1,-2,-2,-1
537,D,-2,-2,-2,-1,-2,-2,-2,-3,-2,-3,-1,-1,-2,2,0,-1,1,-1,5,1
538,V,0,-2,1,0,3,0,-1,-2,-2,4,0,1,-2,-2,-2,-2,-2,-2,-2,-2
539,R,-1,-2,-2,-1,-2,1,-2,-2,-1,-2,0,1,-2,-1,0,-1,3,4,-1,0
540,D,-1,-2,-3,-4,-3,-3,-4,-4,-2,-3,3,-1,-3,1,-1,-2,-1,-2,6,1
541,V,-1,-3,1,-1,3,-1,-2,-3,2,-2,0,-1,-2,-2,-1,-2,-1,2,-3,-2
542,I,-1,-3,4,2,1,1,-1,-3,-3,-2,0,-1,-2,-2,-2,-3,-2,-3,1,-2
543,E,-1,1,-4,-3,-3,-3,-4,-3,2,-3,1,-1,-3,2,1,-1,0,-1,0,4
544,Q,0,-2,-2,0,-2,-1,-3,-3,2,-3,-1,-1,-2,-1,5,-1,0,0,-1,1
545,Y,-2,-3,-1,-2,0,-2,1,0,2,-3,-2,-2,6,1,-1,0,0,-1,-2,-2
546,S,0,-1,-1,0,1,2,-2,-3,-2,-1,4,0,-2,-1,-1,-2,-1,-2,-1,-1
547,Q,4,-1,-2,-2,-1,-1,-3,-3,-1,-2,0,-1,-2,-1,2,-2,1,-1,-1,1
548,G,1,4,-2,-1,-2,-2,-3,-3,-2,-2,1,-1,-3,-1,-1,-2,-1,-2,-1,0
549,H,-2,-3,-4,-3,-3,-2,-2,-3,2,3,-1,-2,0,0,-1,8,-2,-1,1,-1
550,L,-1,-3,1,4,1,1,-1,-2,-3,-2,0,-1,-2,-2,-2,-3,-2,-2,1,-2
551,N,-2,1,-4,-4,-3,-3,-4,-4,-2,-4,-1,-1,-3,2,2,-1,1,-1,5,1
552,L,-2,-4,1,3,0,6,2,-2,-3,-2,-2,-2,-1,-3,-2,-2,-2,-2,-4,-3
553,M,-2,-3,0,3,0,2,2,-2,-3,-2,-2,-1,-1,1,-1,-2,1,1,-2,-2
554,V,-1,0,-1,0,0,-1,2,-2,2,5,1,-1,-1,-2,-2,-2,-2,-3,-2,-2
555,R,-2,-3,-4,-3,-3,-2,-4,-3,2,-4,-1,-1,-2,1,0,-1,1,5,-1,1
556,I,-1,-3,4,1,1,0,-1,-2,-2,3,-2,-1,-2,-2,1,-2,-2,-2,-2,-2
557,K,-1,-2,-3,-3,-2,-2,-4,-4,2,-3,0,1,-3,-1,0,-2,4,1,1,0
558,E,0,-2,-2,-3,-2,-2,-1,-1,-2,-2,3,1,3,0,-1,0,-1,-1,2,1
559,L,-1,-3,1,4,1,1,0,-2,-3,-2,0,-1,-2,-3,-2,-3,-2,-2,-3,-3
560,Q,-1,-2,-3,-3,-2,-1,-4,-3,3,-3,0,1,-2,-1,6,-1,0,0,-1,1
561,R,0,1,0,-1,0,-1,-2,-3,-2,-2,1,4,-2,-1,-1,-2,-1,1,-2,-1
562,R,1,-2,-2,-2,-2,-2,-3,-3,-2,-3,0,2,-2,-1,0,-1,1,5,-2,-1
563,L,-1,-3,3,1,2,0,-1,-3,-2,-2,-1,1,-2,-2,-1,-3,-2,-2,-2,1
564,D,0,-2,0,-2,-1,-2,-3,-4,-2,-3,-1,-1,-3,0,0,-2,-1,-2,5,2
565,Q,-1,-2,1,-1,-1,3,-2,-2,-2,-2,1,-1,-1,-1,4,3,0,0,-1,0
566,S,-1,-3,4,0,1,0,-1,-3,-3,-2,0,-1,-2,-2,1,-2,-2,-2,-2,-2
567,I,-1,-2,1,1,2,0,2,-2,-2,-1,0,0,0,-2,-1,-2,-1,1,-2,-2
568,G,1,4,0,-2,-1,-1,-2,-2,-2,-2,0,1,-2,-1,-1,-2,-1,-2,-1,-2
569,K,-1,-2,-3,-3,-3,-2,-4,-4,6,-4,-1,-1,-3,-1,0,-2,3,3,-2,-1
570,P,0,4,-3,-3,-2,-2,-3,-3,3,-2,0,2,-3,-1,-2,-2,-2,-2,-2,-2
571,S,-1,-2,-3,-3,-3,-3,-4,-4,7,-3,1,-1,-3,-2,2,-2,-1,-2,-2,-1
572,L,-1,0,-2,0,-2,-1,-2,-3,6,-2,-1,-1,-2,-2,-1,-2,-1,-2,-2,-1
573,F,1,-1,0,-1,0,-1,3,-1,-1,-1,1,0,0,-1,-1,-1,-1,-2,1,-1
574,I,-1,-3,2,2,1,1,-1,-2,-2,-2,-1,3,-2,-2,-1,-2,-1,0,-2,-2
575,S,0,-2,-2,-2,-1,-2,-3,-3,4,-2,2,4,-2,-1,-1,-2,1,-1,-1,-1
576,V,0,-2,0,0,0,-1,-2,-3,4,-2,1,0,-2,-1,-1,-2,1,1,-2,-1
577,S,-1,-2,-3,-2,-2,-2,-2,-2,-1,-2,1,0,-1,0,1,4,0,1,2,3
578,E,-1,2,-3,-3,-2,-2,-3,-2,-1,-3,0,-1,-2,0,1,-1,3,0,0,2
579,K,-1,-2,-3,-2,-2,-2,-3,-3,-1,-3,0,-1,-2,0,1,-1,4,1,2,2
580,S,0,1,-3,-3,-2,-2,-2,-2,-2,-2,4,0,1,0,-1,-1,-1,-1,2,0
581,K,-1,-2,-3,-2,-2,-1,-3,-3,1,-3,-1,-1,-2,-1,2,-1,2,5,-1,0
582,D,-1,-2,-3,-3,-2,-2,-3,-4,2,-3,1,1,-3,0,0,-1,0,-1,3,4
583,R,-1,-2,0,-2,-1,-1,-3,-3,2,-3,-1,-1,-2,-1,1,-1,4,2,-1,1
584,G,0,5,0,-2,-1,-2,-3,-3,-2,-3,1,-1,-3,-1,-1,-2,-1,-2,-1,1
585,S,-1,-2,-3,-3,-2,-3,-4,-4,6,-3,1,1,-3,-1,-1,-2,-1,-2,2,-1
586,N,2,-1,-3,-3,-2,-2,-3,-3,4,-2,1,0,-2,2,2,-1,0,-1,-1,1
587,T,2,-1,-2,-2,-1,-2,-1,-2,-1,-1,4,2,2,0,-1,-1,-1,-1,-1,-1
588,I,-1,-3,2,1,0,5,-1,-2,-3,-2,0,-1,-2,-2,-1,-2,-1,1,-3,-2
589,G,0,2,-1,1,-1,4,-1,-3,-2,-2,-1,-1,-2,-1,-1,-2,-2,-2,1,-1
590,A,1,5,-4,-4,-3,-3,-3,-3,-2,-2,1,-1,-3,-1,-2,-2,-2,-2,-2,-2
591,R,-1,-2,-3,-3,-2,-2,-3,-3,-2,-3,0,1,-2,3,0,-1,2,4,-1,0
592,L,-1,-4,2,3,3,1,2,-2,-3,-1,-2,-1,0,-3,-3,-3,-3,-3,-4,-3
593,N,-1,1,1,0,3,0,-1,-3,-2,-1,-1,0,-2,1,-2,-2,-2,-2,-2,-2
594,R,-1,-2,-3,-2,-2,-1,-3,-3,-1,-3,-1,-1,-2,-1,1,-1,4,4,-1,0
595,V,-1,-3,2,0,5,0,-1,-3,-2,-1,-2,0,-1,-3,-2,-3,-2,-2,-3,-2
596,E,-1,-3,-4,-3,-3,-2,-4,-3,-2,-4,-1,-1,-2,-1,2,-1,0,-1,1,6
597,D,-1,-2,-3,-3,-2,-2,-1,-1,-2,-3,-1,-1,3,0,0,0,3,3,2,0
598,K,1,-2,-3,-2,-2,-1,-3,-3,-1,-3,0,-1,-2,-1,5,0,2,1,-1,1
599,V,-1,-3,2,0,4,0,-2,-3,3,-1,-2,-1,-2,-3,-2,-3,-2,-3,-3,-2
600,T,-1,-2,0,1,1,0,-2,-2,-2,-2,0,2,-2,-1,4,-1,0,0,-1,0
601,Q,0,-1,-3,-3,-3,-2,-3,-3,-1,-2,3,0,-2,1,2,-1,0,-1,4,1
602,L,-2,-4,4,2,2,4,0,-2,-3,-2,-2,-1,-1,-3,-2,-3,-2,-3,-4,-3
603,D,-1,2,-3,-3,-2,-2,-3,-3,-2,-3,0,2,-3,0,0,-1,0,-1,3,3
604,Q,0,-2,-1,-2,1,-1,-2,-3,-2,-2,1,0,-1,0,2,3,3,0,-1,0
605,R,-1,-2,-3,-3,-3,-2,-3,-3,-2,-3,0,-1,-2,3,1,-1,4,3,-1,0
606,L,-2,-4,1,4,1,2,0,-2,-3,-2,-3,-2,-1,-4,-3,-3,-3,-3,-4,-3
607,A,1,-1,-3,-4,-3,-3,-4,-4,-2,-3,0,-1,-3,1,-1,-2,-1,-2,6,1
608,L,1,-2,0,2,0,0,4,-1,-3,4,-1,-1,1,-3,-2,-2,-3,-3,-3,-3
609,I,-2,-3,2,3,1,1,0,-2,-3,-2,-2,-1,-1,-3,2,-2,-1,-2,-3,-1
610,T,-1,-3,1,2,2,1,-1,-3,-3,5,-1,1,-2,-2,-2,-3,-2,-2,-3,-3
611,D,-1,3,-4,-4,-3,-3,-4,-4,-2,-3,0,-1,-3,2,-1,-1,-1,-2,5,0
612,M,-2,-4,3,2,1,4,2,-2,-3,-2,-2,-1,0,-3,-2,-2,-2,-2,-4,-3
613,L,-2,-3,-1,1,-2,-1,1,0,-3,-3,-2,-2,5,-1,-1,6,-2,-1,-3,-2
614,H,0,-2,-1,0,-1,4,-2,-2,-2,-2,2,0,-1,0,2,4,-1,-1,-1,0
615,Q,-1,-2,-3,-3,-3,-1,-4,-3,3,-3,-1,-1,-2,-1,5,0,1,2,-1,1
616,L,-1,-3,1,2,1,1,-1,-2,-3,3,-2,-1,-1,-2,-1,3,-1,1,-3,-2
617,L,-1,-3,1,3,0,4,0,-2,-3,-2,-2,-1,-1,-2,2,-2,-1,-1,-3,-1
618,S,0,2,-3,-3,-2,-2,-3,-3,-1,-2,3,0,-2,0,2,-1,0,1,-1,0
619,L,1,-2,1,1,1,0,-1,-3,-2,-1,0,0,-2,-1,-1,-2,-2,-2,2,-1
620,H,0,1,-2,-2,-2,-1,-2,-2,-1,-2,1,2,-1,3,0,4,-1,-1,0,-1
621,G,2,2,-2,-2,-1,-1,-2,-2,-1,-1,1,1,-2,-1,0,-1,0,-1,-1,1
622,G,0,1,-1,0,-1,0,0,-1,-2,-1,1,2,3,0,-1,-1,-1,-1,-1,-1
623,S,2,-1,-2,-2,-1,-1,0,-1,-1,-1,1,0,3,0,-1,0,-1,-1,2,0
624,T,0,-1,-1,1,-1,0,-1,-2,3,-1,2,1,-2,-1,-1,-2,-1,-1,-1,-1
625,P,1,-1,-1,0,-1,-1,-2,-2,5,-2,0,1,-2,-1,-1,-2,-1,-1,-1,0
626,G,0,3,-2,-2,-1,-1,-2,-2,-1,-2,1,0,-2,0,0,-1,3,0,-1,0
627,S,1,2,-1,-1,-1,-1,2,-1,-1,-1,2,0,0,-1,-1,-1,-1,-1,-1,-1
628,G,0,3,-1,-1,0,-1,0,-2,-1,-2,0,1,-1,-1,2,-1,-1,-1,-1,-1
629,G,0,1,1,-1,0,-1,-2,-2,-1,-1,2,0,-2,0,2,-1,0,-1,-1,0
630,P,-1,0,-2,-2,0,-2,-3,-4,5,-2,1,0,-3,2,-1,-1,-1,-2,-1,-1
631,P,-1,-3,-3,-3,-3,-3,-4,-4,8,-3,-1,-2,-3,-3,-2,-3,-2,-3,-2,-2
632,R,1,-2,-1,0,-1,-1,2,-2,-2,-2,0,1,0,-1,0,-1,0,3,-2,-1
633,E,0,-2,-3,-3,-2,-2,-3,-3,-1,-3,2,0,-2,0,1,0,0,0,1,5
634,G,1,2,-1,1,0,0,-1,-2,-2,4,0,1,-2,-1,-1,-2,-1,-2,-2,-2
635,G,-1,2,-3,-3,-2,-2,-3,-3,-1,-3,0,-1,-2,0,1,-1,2,0,0,4
636,A,2,-1,0,-1,1,-1,-2,-2,-1,-1,0,0,-1,-1,0,-1,2,0,-1,-1
637,H,-1,-1,-2,-2,-2,-1,0,-1,-2,-2,0,-1,3,3,0,4,2,0,0,0
638,I,-1,-2,1,0,0,0,4,0,-2,-2,-1,-1,1,-2,-1,-1,1,-1,-2,-1
639,T,0,-1,-1,-1,-1,-1,-2,-2,-1,-1,1,3,-1,0,0,-1,2,0,-1,0
640,Q,-1,-1,1,0,0,0,-1,-1,-1,-2,0,0,-1,-1,2,-1,0,0,0,2
641,P,-1,-1,1,-1,0,0,-1,-2,3,-1,0,0,-1,2,-1,-1,-1,-1,0,-1
642,C,-1,-1,-1,-1,-1,-1,-2,-1,-1,7,-1,-1,-1,-1,-1,-1,0,2,-2,-1
643,G,0,4,-2,-2,-2,-2,-2,-2,-1,-2,0,-1,-2,3,-1,-1,-1,-1,0,-1
644,S,0,-1,-1,-1,-1,-1,0,0,-1,-1,2,0,3,0,0,0,0,-1,-1,0
645,G,2,2,-1,-1,-1,-1,-2,-1,-1,-1,2,0,-1,0,0,-1,0,-1,-1,-1
646,G,0,3,-3,-3,-2,-2,-3,-2,4,-2,0,-1,-2,-1,0,-1,-1,-1,0,2
647,S,1,-1,-2,-2,-1,-1,-2,-2,-1,-1,2,2,-1,0,2,-1,0,0,-1,0
648,V,0,2,0,-1,1,-1,2,-2,-2,-2,0,2,-1,-1,-1,-2,1,-1,-2,-1
649,D,-1,-2,-3,-3,-3,-3,-4,-4,5,-3,-1,-1,-3,0,0,-2,-1,-2,4,2
650,P,-1,-3,-3,-3,-3,-3,-4,-4,8,-3,-1,-1,-3,-2,-2,-3,-1,-2,-2,-1
651,E,-1,-2,-3,-3,-3,-2,-3,-3,-1,-3,2,0,-2,0,1,-1,0,-1,3,4
652,L,-1,-3,1,1,0,0,-2,-3,5,-2,-1,2,-2,-2,-2,-3,-2,-2,-2,-2
653,F,2,-1,-1,-1,-1,-1,2,-2,4,-1,0,1,0,-2,-1,-2,-1,-2,-2,-1
654,L,-1,-2,-1,1,-1,-1,0,-1,3,-2,0,-1,3,-1,-1,0,0,2,-2,-1
655,P,-1,-2,-3,-3,-3,-3,-4,-4,6,-3,1,0,-3,-1,-1,-2,-1,-2,2,-1
656,S,-1,-3,0,1,-1,0,4,1,-3,-2,1,-1,5,-2,-2,0,-2,-2,-3,-2
657,N,-2,-2,-3,-3,-3,-2,-2,-3,4,-3,-1,-1,0,3,0,7,-1,-1,-1,-1
658,T,0,-2,0,-1,1,-1,-2,-3,-1,-1,2,2,-2,0,2,-1,0,-1,-1,0
659,L,0,-2,1,1,1,0,-1,-2,3,-1,0,2,-1,-1,-1,-2,-1,-2,-2,-1
660,P,-1,-2,-1,-1,1,-1,-3,-3,5,-2,0,3,-2,-1,-1,-2,-1,-2,-2,-1
661,T,1,-2,1,-1,0,-1,-2,-3,-2,-2,0,2,-2,-1,0,-2,-1,-1,2,2
662,Y,-2,-2,-3,-3,-3,-3,-1,-2,-2,-3,-1,-1,3,1,-1,3,-1,-2,5,1
663,E,-1,-2,-2,-2,-2,-2,2,-2,-2,-3,1,-1,0,0,0,-1,0,-1,3,3
664,Q,-1,-2,-3,-3,-2,-2,-3,-3,4,-3,1,0,-2,0,2,-1,0,2,2,0
665,L,-1,-3,2,3,2,1,-1,-2,-2,-2,-2,-1,-1,-3,-1,-2,-2,-2,-2,1
666,T,-1,-1,-2,-2,-1,-1,-2,-3,-2,-2,2,3,-1,3,0,4,-1,-1,0,-1
667,V,-1,-3,2,2,3,1,-1,-3,-2,-1,-1,2,-1,-2,-2,-3,-2,-2,-3,-2
668,P,-1,-2,-3,-3,-3,-3,-4,-4,7,-3,-1,-1,-3,-1,-1,-2,-1,-2,3,0
669,R,-1,-2,-3,-2,-3,-1,-3,-3,-2,-4,-1,-1,-2,0,3,0,2,5,-1,0
670,R,-1,2,-4,-3,-3,-2,-2,-3,-2,-3,-1,-2,0,0,0,6,0,2,-1,-1
671,G,0,6,-4,-4,-3,-3,-3,-3,-2,-3,0,-2,-3,-1,-2,-2,-2,-2,-1,-2
672,P,-1,-2,-3,-3,-2,-3,-4,-4,8,-3,-1,-1,-3,-2,-1,-2,-1,-2,-2,-1
673,D,0,-1,-3,-3,-2,-2,-3,-3,-1,-2,3,1,-2,1,0,-1,0,-1,4,1
674,E,0,-1,-3,-3,-2,-2,-3,-3,-1,-2,3,1,-2,0,1,-1,0,0,1,3
675,G,0,6,-4,-4,-3,-3,-3,-3,-2,-3,0,-2,-3,0,-2,-2,-2,-2,-1,-2
676,S,1,0,-2,-3,-2,-2,-2,-3,-1,,4,1,-2,1,0,-1,0,-1,0,0
