A	2	V
A	9	V
L	15	Q
I	19	F
G	21	D
R	25	W
I	30	T
V	33	M
E	36	D
C	39	R
N	45	K
A	57	T
T	65	S
C	66	R
L	69	Q
P	72	R
R	76	L
A	79	P
A	79	S
Q	81	H
A	83	S
A	85	T
R	92	C
V	94	G
E	95	A
A	97	G
R	100	L
S	104	R
V	115	M
D	119	H
F	125	C
N	128	S
E	130	K
M	133	T
D	144	V
H	147	R
R	148	Q
G	149	A
P	150	S
P	151	A
T	152	S
W	154	R
R	164	H
A	172	V
A	175	T
S	182	W
A	188	V
G	189	V
V	194	M
T	201	M
A	203	T
P	205	S
S	206	I
T	216	I
M	218	V
D	219	N
H	221	Q
G	224	R
A	228	P
A	228	V
R	232	L
G	236	V
P	237	H
P	240	L
R	242	C
R	242	Q
S	243	R
A	244	V
P	251	S
R	252	Q
A	253	G
P	258	L
D	259	N
A	260	P
A	260	V
R	271	H
S	275	R
A	285	S
A	285	T
I	288	T
E	289	K
A	290	P
A	290	S
M	291	R
M	291	T
A	293	S
G	294	V
P	297	S
P	299	L
H	309	Y
R	312	H
N	317	S
S	320	W
D	321	Y
D	323	N
V	325	M
R	326	H
Y	327	C
Y	327	H
R	328	H
T	329	A
F	348	Y
R	356	H
E	357	D
I	359	K
P	361	S
R	394	H
R	397	C
H	402	R
V	409	E
V	409	M
F	431	L
T	436	M
A	442	V
E	444	K
I	458	F
N	462	S
V	465	A
D	466	V
V	476	I
G	487	S
H	492	L
Y	493	H
L	502	P
M	504	V
I	506	V
P	506	A
P	506	L
P	507	A
P	507	L
P	507	S
F	513	L
L	516	V
T	519	I
L	523	M
M	527	T
R	528	W
P	529	L
R	531	W
V	535	L
V	535	M
E	536	K
K	538	E
Q	544	R
R	545	C
R	545	H
A	547	T
R	547	C
R	547	L
F	551	S
R	554	C
R	554	H
M	554	T
T	555	M
K	557	M
L	559	P
T	559	R
H	562	R
G	563	R
E	564	G
E	564	V
A	565	S
S	566	L
A	567	T
I	567	T
W	568	S
P	570	L
R	572	Q
R	572	W
H	578	P
R	580	Q
R	580	G
R	580	W
S	581	L
R	582	Q
P	583	L
G	584	A
G	584	R
G	584	W
G	585	A
G	585	V
W	587	L
S	590	R
P	591	L
S	597	N
L	602	P
G	603	D
E	604	D
E	604	D
D	609	A
R	614	H
S	619	C
S	619	F
L	622	F
P	623	T
P	624	A
S	624	C
G	625	R
P	628	A
S	631	F
N	635	S
C	637	F
S	641	F
D	642	N
N	645	S
M	645	I
P	646	T
Y	652	H
I	655	V
D	663	N
R	667	H
G	669	A
A	677	S
L	678	P
P	678	A
P	678	L
R	679	W
P	680	S
S	681	G
E	682	D
R	692	Q
R	692	W
R	693	Q
R	693	W
R	694	C
R	695	Q
R	695	W
R	696	C
G	696	D
D	697	N
V	698	L
V	698	M
S	700	N
L	702	V
R	707	C
R	707	H
T	708	A
G	710	S
T	714	I
A	715	V
R	715	W
A	718	T
T	722	I
C	723	Y
L	724	P
M	731	V
T	732	M
R	734	C
P	735	Q
P	735	L
A	737	T
Y	738	C
H	739	R
K	741	R
T	743	A
P	744	L
A	746	S
G	749	C
P	753	L
L	754	R
P	756	T
V	757	I
P	759	L
P	761	S
T	762	I
P	764	L
G	766	R
G	766	W
H	771	R
M	775	V
C	777	F
C	777	Y
E	779	Q
L	780	V
F	781	L
P	782	R
P	782	L
R	784	P
I	789	T
P	792	A
V	794	I
V	796	G
P	799	L
M	801	V
L	810	M
H	811	Q
H	813	Y
G	814	S
S	815	L
P	817	L
P	817	S
A	819	E
A	819	S
S	851	G
